insert into Campaigns values
(1, 100),
(2, 15.5),
(3, 0.5),
(4, 1011.1),
(5, 50001),
(6, 1001),
(7, 15.51),
(8, 10.5),
(9, 71.1),
(10, 3000);

insert into People values
('1@gmail.com', 'a', 'candidate'),
('2@gmail.com', 'b', 'candidate'),
('3@gmail.com', 'c', 'candidate'),
('4@gmail.com', 'd', 'candidate'),
('5@gmail.com', 'e', 'candidate'),
('6@gmail.com', 'f', 'candidate'),
('7@gmail.com', 'g', 'candidate'),
('8@gmail.com', 'h', 'candidate'),
('9@gmail.com', 'i', 'candidate'),
('10@gmail.com', 'j', 'candidate'),
('11@gmail.com', 'h', 'volunteer'),
('12@gmail.com', 'i', 'staff'),
('13@gmail.com', 'j', 'volunteer'),
('14@gmail.com', 'k', 'staff'),
('15@gmail.com', 'l', 'volunteer'),
('16@gmail.com', 'm', 'staff'),
('17@gmail.com', 'n', 'volunteer'),
('18@gmail.com', 'o', 'staff'),
('19@gmail.com', 'p', 'volunteer'),
('20@gmail.com', 'q', 'staff');

insert into Candidates values
('1@gmail.com', 'a', '1'),
('2@gmail.com', 'b', '2'),
('3@gmail.com', 'c', '3'),
('4@gmail.com', 'd', '4'),
('5@gmail.com', 'e', '5'),
('6@gmail.com', 'f', '6'),
('7@gmail.com', 'g', '7'),
('8@gmail.com', 'h', '8'),
('9@gmail.com', 'i', '9'),
('10@gmail.com', 'j', '10');

insert into Workers values
('11@gmail.com', 'h'),
('12@gmail.com', 'i'),
('13@gmail.com', 'j'),
('14@gmail.com', 'k'),
('15@gmail.com', 'l'),
('16@gmail.com', 'm'),
('17@gmail.com', 'n'),
('18@gmail.com', 'o'),
('19@gmail.com', 'p'),
('20@gmail.com', 'q');

insert into WorkersActivity values
('11@gmail.com', 1, 'phone bank','2023-05-03 08:15:06', '2023-05-03 16:15:06'),
('12@gmail.com', 1, 'phone bank','2023-05-03 08:15:06', '2023-05-03 16:15:06'),
('11@gmail.com', 2, 'phone bank','2023-05-04 08:15:06', '2023-05-04 16:15:06'),
('11@gmail.com', 3, 'phone bank','2023-05-04 08:15:06', '2023-05-04 16:15:06'),
('11@gmail.com', 4, 'phone bank','2023-05-04 08:15:06', '2023-05-04 16:15:06'),
('11@gmail.com', 5, 'phone bank','2023-05-04 08:15:06', '2023-05-04 16:15:06'),
('11@gmail.com', 6, 'door-to-door','2023-05-04 08:15:06', '2023-05-04 16:15:06'),
('11@gmail.com', 7, 'door-to-door','2023-05-04 08:15:06', '2023-05-04 16:15:06'),
('11@gmail.com', 8, 'door-to-door','2023-05-04 08:15:06', '2023-05-04 16:15:06'),
('11@gmail.com', 9, 'door-to-door','2023-05-04 08:15:06', '2023-05-04 16:15:06'),
('11@gmail.com', 10, 'door-to-door', '2023-05-04 08:15:06', '2023-05-04 16:15:06'),
('12@gmail.com', 2, 'phone bank', '2023-05-04 08:15:06', '2023-05-04 16:15:06'),
('13@gmail.com', 2, 'phone bank','2023-05-04 08:15:06', '2023-05-04 16:15:06'),
('14@gmail.com', 2, 'phone bank', '2023-05-04 08:15:06', '2023-05-04 16:15:06'),
('15@gmail.com', 3, 'phone bank','2023-05-05 08:15:06', '2023-05-05 16:15:06'),
('16@gmail.com', 3, 'phone bank', '2023-05-05 08:15:06', '2023-05-05 16:15:06'),
('17@gmail.com', 4, 'phone bank', '2023-05-06 08:15:06', '2023-05-06 16:15:06'),
('18@gmail.com', 4, 'phone bank','2023-05-06 08:15:06', '2023-05-06 16:15:06'),
('19@gmail.com', 5, 'phone bank','2023-05-07 08:15:06', '2023-05-07 16:15:06'),
('20@gmail.com', 5, 'phone bank','2023-05-07 08:15:06', '2023-05-07 16:15:06');

insert into Volunteers values
('11@gmail.com', 'h'),
('13@gmail.com', 'j'),
('15@gmail.com', 'l'),
('17@gmail.com', 'n'),
('19@gmail.com', 'p');

insert into Staffs values
('12@gmail.com', 'i'),
('14@gmail.com', 'k'),
('16@gmail.com', 'm'),
('18@gmail.com', 'o'),
('20@gmail.com', 'q');

insert into Donors values
('122@gmail.com', 'ii','a1',12, 'individual',1),
('144@gmail.com', 'kk','a2',13, 'organization',2),
('166@gmail.com', 'mm','a2',14,'individual',3),
('188@gmail.com', 'oo','a2',15, 'organization',4),
('200@gmail.com', 'qq','a2',16,'individual',5),
('121@gmail.com', 'd1','a11',12, 'individual',1),
('141@gmail.com', 'd2','a12',13, 'organization',2),
('161@gmail.com', 'd3','a32',14,'individual',3),
('181@gmail.com', 'd4','a24',15, 'organization',4),
('201@gmail.com', 'd5','a32',16,'individual',5);

insert into Debates values
(1, '2024-05-07 08:00:00','12@gmail.com'),
(2, '2024-05-08 08:00:00','14@gmail.com'),
(3, '2024-05-09 08:00:00','16@gmail.com'),
(4, '2024-05-10 08:00:00','18@gmail.com'),
(5, '2024-05-17 08:00:00','20@gmail.com');

insert into DebateCandidates values
(1, '1@gmail.com'),
(2, '1@gmail.com'),
(3, '1@gmail.com'),
(4, '1@gmail.com'),
(5, '1@gmail.com'),
(2, '2@gmail.com'),
(3, '2@gmail.com'),
(4, '2@gmail.com'),
(5, '2@gmail.com'),
(1, '2@gmail.com'),
(3, '3@gmail.com'),
(4, '4@gmail.com'),
(5, '5@gmail.com');
